poly_degree,chi2_red_poly
1,93.13121151986421
2,8.831724319957207
3,4.167884015271742
4,2.2850471685612668
5,1.2792577240534597
6,1.2212115427679877
