poly_degree,chi2_red_poly
1,41.903765330096874
2,19.18655236673757
3,8.567968314806796
4,4.472401681658841
5,2.9640165515672647
6,1.7215673288843854
