poly_degree,chi2_red_poly
1,35.187810193755986
2,10.955537258172406
3,6.750894523941885
4,3.1818400519040857
5,1.119095660746068
6,0.5433080358111564
