poly_degree,chi2_red_poly
1,29.75975284911325
2,15.576320944444142
3,8.257618786116504
4,2.552644122471714
5,1.256850915067789
6,0.5843247672318879
