poly_degree,chi2_red_poly
1,44.21129104461939
2,11.910002853133193
3,3.8470776757146603
4,2.6929195102065084
5,0.8083932691590732
6,0.49912437509657
