poly_degree,chi2_red_poly
1,2.105527002315555
2,1.5060861919831343
3,0.8901260663106132
4,0.35736725898495153
5,0.10170638799639782
6,0.06834832097124961
