poly_degree,chi2_red_poly
1,64.7740698071058
2,19.596250601807508
3,6.458550020889064
4,4.842955555013994
5,1.604817890008707
6,1.006374631581506
