poly_degree,chi2_red_poly
1,58.002292302494276
2,22.785407588750985
3,6.9026234653888245
4,3.337460781017214
5,0.8934273841114945
6,0.669855081591321
