poly_degree,chi2_red_poly
1,24.247642226804185
2,4.617733465333883
3,2.857699919701775
4,0.61559062538234
5,0.6059594123421719
6,0.5029419749299933
