poly_degree,chi2_red_poly
1,33.49596721157642
2,11.85886542199514
3,4.463930722951531
4,1.7577713246404816
5,0.7770790528383638
6,0.6314485575934107
